{
  "Iklan":
  [
      {
      "status": "0",
      "link": "https://play.google.com/store/apps/details?id=com.ptn.songjoongki",
      "interid": "ca-app-pub-9242128344326667/3133131850",
      "nativeid": "ca-app-pub-9242128344326667/1820050181",
      "startappid": "209419592",
      "pengaturan_iklan": "1",
      "fan_inter": "1122863738167073_1122864728166974",
      "fan_banner_native": "1122863738167073_1122865024833611",
      "fan_native": "1122863738167073_1122863958167051",
      "hpk_admob1": "",
      "hpk_admob2": "",
      "hpk_admob3": "",
      "hpk_admob4": "",
      "hpk_admob5": ""
      }
   ]

}