{
  "Iklan":
  [
      {
      "status": "0",
      "link": "https://play.google.com/store/apps/details?id=com.ptn.betrandpeto",
      "interid": "ca-app-pub-9242128344326667/6334010267",
      "nativeid": "ca-app-pub-9242128344326667/3707846926",
      "startappid": "209419592",
      "pengaturan_iklan": "1",
      "fan_inter": "237963951046947_237963997713609",
      "fan_banner_native": "237963951046947_237964001046942",
      "fan_native": "237963951046947_237963991046943",
      "hpk_admob1": "",
      "hpk_admob2": "",
      "hpk_admob3": "",
      "hpk_admob4": "",
      "hpk_admob5": ""
      }
   ]

}