{
  "Iklan":
  [
      {
      "status": "0",
      "link": "https://play.google.com/store/apps/details?id=com.ptn.songjoongki",
      "interid": "ca-app-pub-9242128344326667/5100819641",
      "nativeid": "ca-app-pub-9242128344326667/3787737975",
      "startappid": "209419592",
      "pengaturan_iklan": "1",
      "fan_inter": "496790407973204_496790441306534",
      "fan_banner_native": "496790407973204_496790434639868",
      "fan_native": "496790407973204_496790444639867",
      "hpk_admob1": "",
      "hpk_admob2": "",
      "hpk_admob3": "",
      "hpk_admob4": "",
      "hpk_admob5": ""
      }
   ]

}