{
  "Iklan":
  [
      {
      "status": "0",
      "link": "https://play.google.com/store/apps/details?id=com.ptn.betrandpeto",
      "interid": "ca-app-pub-9242128344326667/9738423872",
      "nativeid": "ca-app-pub-9242128344326667/3754280084",
      "startappid": "209419592",
      "pengaturan_iklan": "1",
      "fan_inter": "1478229909039331_1478229939039328",
      "fan_banner_native": "1478229909039331_1478229935705995",
      "fan_native": "1478229909039331_1478229942372661",
      "hpk_admob1": "",
      "hpk_admob2": "",
      "hpk_admob3": "",
      "hpk_admob4": "",
      "hpk_admob5": ""
      }
   ]

}