{
  "Iklan":
  [
      {
      "status": "0",
      "link": "https://play.google.com/store/apps/details?id=com.ptn.songjoongki",
      "interid": "ca-app-pub-9242128344326667/5839186248",
      "nativeid": "ca-app-pub-9242128344326667/8048748317",
      "startappid": "209419592",
      "pengaturan_iklan": "1",
      "fan_inter": "461126764900065_461126814900060",
      "fan_banner_native": "461126764900065_461126818233393",
      "fan_native": "461126764900065_461126811566727",
      "hpk_admob1": "",
      "hpk_admob2": "",
      "hpk_admob3": "",
      "hpk_admob4": "",
      "hpk_admob5": ""
      }
   ]

}