{
  "Iklan":
  [
      {
      "status": "0",
      "link": "https://play.google.com/store/apps/details?id=com.ptn.songjoongki",
      "interid": "ca-app-pub-9242128344326667/4334532886",
      "nativeid": "ca-app-pub-9242128344326667/5600702464",
      "startappid": "209419592",
      "pengaturan_iklan": "1",
      "fan_inter": "436590280869545_436590327536207",
      "fan_banner_native": "436590280869545_436590330869540",
      "fan_native": "436590280869545_436590334202873",
      "hpk_admob1": "",
      "hpk_admob2": "",
      "hpk_admob3": "",
      "hpk_admob4": "",
      "hpk_admob5": ""
      }
   ]

}