{
  "Iklan":
  [
      {
      "status": "0",
      "link": "https://play.google.com/store/apps/details?id=com.ptn.betrandpeto",
      "interid": "ca-app-pub-9242128344326667/6974860863",
      "nativeid": "ca-app-pub-9242128344326667/8082206201",
      "startappid": "209419592",
      "pengaturan_iklan": "1",
      "fan_inter": "264702141713984_264702175047314",
      "fan_banner_native": "264702141713984_264702171713981",
      "fan_native": "264702141713984_264702178380647",
      "hpk_admob1": "",
      "hpk_admob2": "",
      "hpk_admob3": "",
      "hpk_admob4": "",
      "hpk_admob5": ""
      }
   ]

}