{
  "Iklan":
  [
      {
      "status": "0",
      "link": "https://play.google.com/store/apps/details?id=com.ptn.blackpinkrose",
      "interid": "ca-app-pub-9242128344326667/1873210442",
      "nativeid": "ca-app-pub-9242128344326667/9560128776",
      "startappid": "209419592",
      "pengaturan_iklan": "1",
      "fan_inter": "3994914680542331_3994914797208986",
      "fan_banner_native": "3994914680542331_3994914790542320",
      "fan_native": "3994914680542331_3994914800542319",
      "hpk_admob1": "",
      "hpk_admob2": "",
      "hpk_admob3": "",
      "hpk_admob4": "",
      "hpk_admob5": ""
      }
   ]

}