{
  "Iklan":
  [
      {
      "status": "0",
      "link": "https://play.google.com/store/apps/details?id=com.ptn.betrandpeto",
      "interid": "ca-app-pub-9242128344326667/9203716187",
      "nativeid": "ca-app-pub-9242128344326667/7890634510",
      "startappid": "209419592",
      "pengaturan_iklan": "1",
      "fan_inter": "419076809201047_419076855867709",
      "fan_banner_native": "419076809201047_419076845867710",
      "fan_native": "419076809201047_419076842534377",
      "hpk_admob1": "",
      "hpk_admob2": "",
      "hpk_admob3": "",
      "hpk_admob4": "",
      "hpk_admob5": ""
      }
   ]

}