{
  "Iklan":
  [
      {
      "status": "0",
      "link": "https://play.google.com/store/apps/details?id=com.ptn.betrandpeto",
      "interid": "ca-app-pub-9242128344326667/5422584979",
      "nativeid": "ca-app-pub-9242128344326667/3952578870",
      "startappid": "209419592",
      "pengaturan_iklan": "1",
      "fan_inter": "255028256018391_255028289351721",
      "fan_banner_native": "255028256018391_255028296018387",
      "fan_native": "255028256018391_255028302685053",
      "hpk_admob1": "",
      "hpk_admob2": "",
      "hpk_admob3": "",
      "hpk_admob4": "",
      "hpk_admob5": ""
      }
   ]

}