{
  "Iklan":
  [
      {
      "status": "0",
      "link": "https://play.google.com/store/apps/details?id=com.ptn.betrandpeto",
      "interid": "ca-app-pub-9242128344326667/3377863801",
      "nativeid": "ca-app-pub-9242128344326667/2064782130",
      "startappid": "209419592",
      "pengaturan_iklan": "1",
      "fan_inter": "167131434931900_167131484931895",
      "fan_banner_native": "167131434931900_167131478265229",
      "fan_native": "167131434931900_167131491598561",
      "hpk_admob1": "",
      "hpk_admob2": "",
      "hpk_admob3": "",
      "hpk_admob4": "",
      "hpk_admob5": ""
      }
   ]

}