{
  "Iklan":
  [
      {
      "status": "0",
      "link": "https://play.google.com/store/apps/details?id=com.ptn.songjoongki",
      "interid": "ca-app-pub-9242128344326667/2420005358",
      "nativeid": "ca-app-pub-9242128344326667/7480760345",
      "startappid": "209419592",
      "pengaturan_iklan": "1",
      "fan_inter": "258688215850346_258688249183676",
      "fan_banner_native": "258688215850346_258688262517008",
      "fan_native": "258688215850346_258688265850341",
      "hpk_admob1": "",
      "hpk_admob2": "",
      "hpk_admob3": "",
      "hpk_admob4": "",
      "hpk_admob5": ""
      }
   ]

}