{
  "Iklan":
  [
      {
      "status": "0",
      "link": "https://play.google.com/store/apps/details?id=com.ptn.songjoongki",
      "interid": "ca-app-pub-9242128344326667/2611577047",
      "nativeid": "ca-app-pub-9242128344326667/8985413709",
      "startappid": "209419592",
      "pengaturan_iklan": "1",
      "fan_inter": "239464564392895_239464624392889",
      "fan_banner_native": "239464564392895_239464617726223",
      "fan_native": "239464564392895_239464631059555",
      "hpk_admob1": "",
      "hpk_admob2": "",
      "hpk_admob3": "",
      "hpk_admob4": "",
      "hpk_admob5": ""
      }
   ]

}