{
  "Iklan":
  [
      {
      "status": "0",
      "link": "https://play.google.com/store/apps/details?id=com.ptn.songjoongki",
      "interid": "ca-app-pub-9242128344326667/8055475410",
      "nativeid": "ca-app-pub-9242128344326667/5429312072",
      "startappid": "209419592",
      "pengaturan_iklan": "4",
      "fan_inter": "430789414802574_430789451469237",
      "fan_banner_native": "430789414802574_430789441469238",
      "fan_native": "430789414802574_430789448135904",
      "keterangan": "DITOLAK FACEBOOK",
      "hpk_admob1": "",
      "hpk_admob2": "",
      "hpk_admob3": "",
      "hpk_admob4": "",
      "hpk_admob5": ""
      }
   ]

}