{
  "Iklan":
  [
      {
      "status": "0",
      "link": "https://play.google.com/store/apps/details?id=com.ptn.songjoongki",
      "interid": "ca-app-pub-9242128344326667/9915351994",
      "nativeid": "ca-app-pub-9242128344326667/8602270328",
      "startappid": "209419592",
      "pengaturan_iklan": "1",
      "fan_inter": "1074295526417287_1074295583083948",
      "fan_banner_native": "1074295526417287_1074295573083949",
      "fan_native": "1074295526417287_1074295576417282",
      "hpk_admob1": "",
      "hpk_admob2": "",
      "hpk_admob3": "",
      "hpk_admob4": "",
      "hpk_admob5": ""
      }
   ]

}