{
  "Iklan":
  [
      {
      "status": "0",
      "link": "https://play.google.com/store/apps/details?id=com.ptn.songjoongki",
      "interid": "ca-app-pub-9242128344326667/7097616968",
      "nativeid": "ca-app-pub-9242128344326667/5784535298",
      "startappid": "209419592",
      "pengaturan_iklan": "4",
      "fan_inter": "420675082501411_420675125834740",
      "fan_banner_native": "420675082501411_420675122501407",
      "fan_native": "420675082501411_420675129168073",
      "keterangan": "DITOLAK FACEBOOK",
      "hpk_admob1": "",
      "hpk_admob2": "",
      "hpk_admob3": "",
      "hpk_admob4": "",
      "hpk_admob5": ""
      }
   ]

}