{
  "Iklan":
  [
      {
      "status": "0",
      "link": "https://play.google.com/store/apps/details?id=com.ptn.songjoongki",
      "interid": "ca-app-pub-9242128344326667/3534788235",
      "nativeid": "ca-app-pub-9242128344326667/5500274895",
      "startappid": "209419592",
      "pengaturan_iklan": "1",
      "fan_inter": "226679515783031_226679549116361",
      "fan_banner_native": "226679515783031_226679545783028",
      "fan_native": "226679515783031_226679542449695",
      "hpk_admob1": "",
      "hpk_admob2": "",
      "hpk_admob3": "",
      "hpk_admob4": "",
      "hpk_admob5": ""
      }
   ]

}