{
  "Iklan":
  [
      {
      "status": "0",
      "link": "https://play.google.com/store/apps/details?id=com.ptn.songjoongki",
      "interid": "ca-app-pub-9242128344326667/3824037624",
      "nativeid": "ca-app-pub-9242128344326667/5577362173",
      "startappid": "209419592",
      "pengaturan_iklan": "1",
      "fan_inter": "261658728649568_261658761982898",
      "fan_banner_native": "261658728649568_261658768649564",
      "fan_native": "261658728649568_261658771982897",
      "hpk_admob1": "",
      "hpk_admob2": "",
      "hpk_admob3": "",
      "hpk_admob4": "",
      "hpk_admob5": ""
      }
   ]

}