{
  "Iklan":
  [
      {
      "status": "0",
      "link": "https://play.google.com/store/apps/details?id=com.ptn.songjoongki",
      "interid": "ca-app-pub-9242128344326667/7648281305",
      "nativeid": "ca-app-pub-9242128344326667/4264280502",
      "startappid": "209419592",
      "pengaturan_iklan": "1",
      "fan_inter": "449523016198439_449523049531769",
      "fan_banner_native": "449523016198439_449523042865103",
      "fan_native": "449523016198439_449523052865102",
      "hpk_admob1": "",
      "hpk_admob2": "",
      "hpk_admob3": "",
      "hpk_admob4": "",
      "hpk_admob5": ""
      }
   ]

}