{
  "Iklan":
  [
      {
      "status": "0",
      "link": "https://play.google.com/store/apps/details?id=com.ptn.songjoongki",
      "interid": "ca-app-pub-9242128344326667/8310077544",
      "nativeid": "ca-app-pub-9242128344326667/6996995879",
      "startappid": "209419592",
      "pengaturan_iklan": "1",
      "fan_inter": "320452902742451_320452939409114",
      "fan_banner_native": "320452902742451_320452942742447",
      "fan_native": "320452902742451_320452946075780",
      "hpk_admob1": "",
      "hpk_admob2": "",
      "hpk_admob3": "",
      "hpk_admob4": "",
      "hpk_admob5": ""
      }
   ]

}