{
  "Iklan":
  [
      {
      "status": "0",
      "link": "https://play.google.com/store/apps/details?id=com.ptn.songjoongki",
      "interid": "ca-app-pub-9242128344326667/6805424183",
      "nativeid": "ca-app-pub-9242128344326667/2395954625",
      "startappid": "209419592",
      "pengaturan_iklan": "1",
      "fan_inter": "903009690487827_903009720487824",
      "fan_banner_native": "903009690487827_903009723821157",
      "fan_native": "903009690487827_903009717154491",
      "hpk_admob1": "",
      "hpk_admob2": "",
      "hpk_admob3": "",
      "hpk_admob4": "",
      "hpk_admob5": ""
      }
   ]

}