{
  "Iklan":
  [
      {
      "status": "0",
      "link": "https://play.google.com/store/apps/details?id=com.ptn.songjoongki",
      "interid": "ca-app-pub-9242128344326667/5377341187",
      "nativeid": "ca-app-pub-9242128344326667/5094270159",
      "startappid": "209419592",
      "pengaturan_iklan": "1",
      "fan_inter": "150265793575379_150265820242043",
      "fan_banner_native": "150265793575379_150265823575376",
      "fan_native": "150265793575379_150265826908709",
      "hpk_admob1": "",
      "hpk_admob2": "",
      "hpk_admob3": "",
      "hpk_admob4": "",
      "hpk_admob5": ""
      }
   ]

}