{
  "Iklan":
  [
      {
      "status": "0",
      "link": "https://play.google.com/store/apps/details?id=com.ptn.songjoongki",
      "interid": "ca-app-pub-9242128344326667/4711126778",
      "nativeid": "ca-app-pub-9242128344326667/7811932833",
      "startappid": "209419592",
      "pengaturan_iklan": "1",
      "fan_inter": "273075994235296_273076034235292",
      "fan_banner_native": "273075994235296_273076030901959",
      "fan_native": "273075994235296_273076027568626",
      "hpk_admob1": "",
      "hpk_admob2": "",
      "hpk_admob3": "",
      "hpk_admob4": "",
      "hpk_admob5": ""
      }
   ]

}