{
  "Iklan":
  [
      {
      "status": "0",
      "link": "https://play.google.com/store/apps/details?id=com.ptn.songjoongki",
      "interid": "ca-app-pub-9242128344326667/8075656710",
      "nativeid": "ca-app-pub-9242128344326667/2559606155",
      "startappid": "209419592",
      "pengaturan_iklan": "4",
      "fan_inter": "247754203511934_247754233511931",
      "fan_banner_native": "247754203511934_247754240178597",
      "fan_native": "247754203511934_247754236845264",
      "keterangan": "DITOLAK FACEBOOK",
      "hpk_admob1": "",
      "hpk_admob2": "",
      "hpk_admob3": "",
      "hpk_admob4": "",
      "hpk_admob5": ""
      }
   ]

}