{
  "Iklan":
  [
      {
      "status": "0",
      "link": "https://play.google.com/store/apps/details?id=com.ptn.songjoongki",
      "interid": "ca-app-pub-9242128344326667/2440186651",
      "nativeid": "ca-app-pub-9242128344326667/7500941648",
      "startappid": "209419592",
      "pengaturan_iklan": "4",
      "fan_inter": "333268507930588_333268554597250",
      "fan_banner_native": "333268507930588_333268561263916",
      "fan_native": "333268507930588_333268557930583",
      "keterangan": "DITOLAK FACEBOOK",
      "hpk_admob1": "",
      "hpk_admob2": "",
      "hpk_admob3": "",
      "hpk_admob4": "",
      "hpk_admob5": ""
      }
   ]

}