{
  "Iklan":
  [
      {
      "status": "0",
      "link": "https://play.google.com/store/apps/details?id=com.ptn.songjoongki",
      "interid": "ca-app-pub-9242128344326667/3178553250",
      "nativeid": "ca-app-pub-9242128344326667/8239308241",
      "startappid": "209419592",
      "pengaturan_iklan": "4",
      "fan_inter": "503722343944409_503722383944405",
      "fan_banner_native": "503722343944409_503722377277739",
      "fan_native": "503722343944409_503722380611072",
      "keterangan": "DITOLAK FACEBOOK",
      "hpk_admob1": "",
      "hpk_admob2": "",
      "hpk_admob3": "",
      "hpk_admob4": "",
      "hpk_admob5": ""
      }
   ]

}