{
  "Iklan":
  [
      {
      "status": "0",
      "link": "https://play.google.com/store/apps/details?id=com.ptn.betrandpeto",
      "interid": "ca-app-pub-9242128344326667/6837407296",
      "nativeid": "ca-app-pub-9242128344326667/5524325628",
      "startappid": "209419592",
      "pengaturan_iklan": "4",
      "fan_inter": "498179307833145_498179354499807",
      "fan_banner_native": "498179307833145_498179351166474",
      "fan_native": "498179307833145_498179347833141",
      "keterangan": "DITOLAK FACEBOOK",
      "hpk_admob1": "",
      "hpk_admob2": "",
      "hpk_admob3": "",
      "hpk_admob4": "",
      "hpk_admob5": ""
      }
   ]

}