{
  "Iklan":
  [
      {
      "status": "0",
      "link": "https://play.google.com/store/apps/details?id=com.ptn.songjoongki",
      "interid": "ca-app-pub-9242128344326667/8888855564",
      "nativeid": "ca-app-pub-9242128344326667/6262692226",
      "startappid": "209419592",
      "pengaturan_iklan": "2",
      "fan_inter": "504583810523467_504583847190130",
      "fan_banner_native": "504583810523467_504583843856797",
      "fan_native": "504583810523467_504583850523463",
      "hpk_admob1": "",
      "hpk_admob2": "",
      "hpk_admob3": "",
      "hpk_admob4": "",
      "hpk_admob5": ""
      }
   ]

}