{
  "Iklan":
  [
      {
      "status": "0",
      "link": "https://play.google.com/store/apps/details?id=com.ptn.songjoongki",
      "interid": "ca-app-pub-9242128344326667/2406728765",
      "nativeid": "ca-app-pub-9242128344326667/6115707781",
      "startappid": "209419592",
      "pengaturan_iklan": "1",
      "fan_inter": "3515830968539110_3515831058539101",
      "fan_banner_native": "3515830968539110_3515831061872434",
      "fan_native": "3515830968539110_3515831055205768",
      "hpk_admob1": "",
      "hpk_admob2": "",
      "hpk_admob3": "",
      "hpk_admob4": "",
      "hpk_admob5": ""
      }
   ]

}