{
  "Iklan":
  [
      {
      "status": "0",
      "link": "https://play.google.com/store/apps/details?id=com.ptn.songjoongki",
      "interid": "ca-app-pub-9242128344326667/9244078787",
      "nativeid": "ca-app-pub-9242128344326667/1210208927",
      "startappid": "209419592",
      "pengaturan_iklan": "4",
      "fan_inter": "213449413797140_213449497130465",
      "fan_banner_native": "213449413797140_213449493797132",
      "fan_native": "213449413797140_213449490463799",
      "keterangan": "DITOLAK FACEBOOK",
      "hpk_admob1": "",
      "hpk_admob2": "",
      "hpk_admob3": "",
      "hpk_admob4": "",
      "hpk_admob5": ""
      }
   ]

}