{
  "Iklan":
  [
      {
      "status": "0",
      "link": "https://play.google.com/store/apps/details?id=com.ptn.songjoongki",
      "interid": "ca-app-pub-9242128344326667/8682161378",
      "nativeid": "ca-app-pub-9242128344326667/1174017078",
      "startappid": "209419592",
      "pengaturan_iklan": "1",
      "fan_inter": "713105346071734_713105379405064",
      "fan_banner_native": "713105346071734_713105372738398",
      "fan_native": "713105346071734_713105376071731",
      "hpk_admob1": "",
      "hpk_admob2": "",
      "hpk_admob3": "",
      "hpk_admob4": "",
      "hpk_admob5": ""
      }
   ]

}