{
  "Iklan":
  [
      {
      "status": "0",
      "link": "https://play.google.com/store/apps/details?id=com.ptn.songjoongki",
      "interid": "ca-app-pub-9242128344326667/6973138666",
      "nativeid": "ca-app-pub-9242128344326667/9407730314",
      "startappid": "209419592",
      "pengaturan_iklan": "1",
      "fan_inter": "714821415834138_714821455834134",
      "fan_banner_native": "714821415834138_714821449167468",
      "fan_native": "714821415834138_714821459167467",
      "hpk_admob1": "",
      "hpk_admob2": "",
      "hpk_admob3": "",
      "hpk_admob4": "",
      "hpk_admob5": ""
      }
   ]

}