{
  "Iklan":
  [
      {
      "status": "0",
      "link": "https://play.google.com/store/apps/details?id=com.ptn.songjoongki",
      "interid": "ca-app-pub-9242128344326667/3963831940",
      "nativeid": "ca-app-pub-9242128344326667/9024586935",
      "startappid": "209419592",
      "pengaturan_iklan": "4",
      "fan_inter": "457365645448864_457365708782191",
      "fan_banner_native": "457365645448864_457365702115525",
      "fan_native": "457365645448864_457365712115524",
      "keterangan": "DITOLAK FACEBOOK",
      "hpk_admob1": "",
      "hpk_admob2": "",
      "hpk_admob3": "",
      "hpk_admob4": "",
      "hpk_admob5": ""
      }
   ]

}