{
  "Iklan":
  [
      {
      "status": "0",
      "link": "https://play.google.com/store/apps/details?id=com.ptn.songjoongki",
      "interid": "ca-app-pub-9242128344326667/7919195303",
      "nativeid": "ca-app-pub-9242128344326667/9040705282",
      "startappid": "209419592",
      "pengaturan_iklan": "4",
      "fan_inter": "726527091588696_726527144922024",
      "fan_banner_native": "726527091588696_726527131588692",
      "fan_native": "726527091588696_726527138255358",
      "keterangan": "DITOLAK FACEBOOK",
      "hpk_admob1": "",
      "hpk_admob2": "",
      "hpk_admob3": "",
      "hpk_admob4": "",
      "hpk_admob5": ""
      }
   ]

}