{
  "Iklan":
  [
      {
      "status": "0",
      "link": "https://play.google.com/store/apps/details?id=com.ptn.songjoongki",
      "interid": "ca-app-pub-9242128344326667/9970643579",
      "nativeid": "ca-app-pub-9242128344326667/7148204960",
      "startappid": "209419592",
      "pengaturan_iklan": "1",
      "fan_inter": "227211049077189_227211089077185",
      "fan_banner_native": "227211049077189_227211079077186",
      "fan_native": "227211049077189_227211085743852",
      "hpk_admob1": "",
      "hpk_admob2": "",
      "hpk_admob3": "",
      "hpk_admob4": "",
      "hpk_admob5": ""
      }
   ]

}