{
  "Iklan":
  [
      {
      "status": "0",
      "link": "https://play.google.com/store/apps/details?id=com.ptn.betrandpeto",
      "interid": "ca-app-pub-9242128344326667/5648255186",
      "nativeid": "ca-app-pub-9242128344326667/4335173516",
      "startappid": "209419592",
      "pengaturan_iklan": "1",
      "fan_inter": "3546425338816319_3546425452149641",
      "fan_banner_native": "3546425338816319_3546425445482975",
      "fan_native": "3546425338816319_3546425448816308",
      "hpk_admob1": "",
      "hpk_admob2": "",
      "hpk_admob3": "",
      "hpk_admob4": "",
      "hpk_admob5": ""
      }
   ]

}