{
  "Iklan":
  [
      {
      "status": "0",
      "link": "https://play.google.com/store/apps/details?id=com.ptn.betrandpeto",
      "interid": "ca-app-pub-9242128344326667/7891275141",
      "nativeid": "ca-app-pub-9242128344326667/5265111801",
      "startappid": "209419592",
      "pengaturan_iklan": "4",
      "fan_inter": "466610651376744_466610691376740",
      "fan_banner_native": "466610651376744_466610681376741",
      "fan_native": "466610651376744_466610684710074",
      "keterangan": "DITOLAK FACEBOOK",
      "hpk_admob1": "",
      "hpk_admob2": "",
      "hpk_admob3": "",
      "hpk_admob4": "",
      "hpk_admob5": ""
      }
   ]

}