{
  "Iklan":
  [
      {
      "status": "0",
      "link": "https://play.google.com/store/apps/details?id=com.ptn.betrandpeto",
      "interid": "ca-app-pub-9242128344326667/2447376777",
      "nativeid": "ca-app-pub-9242128344326667/1134295109",
      "startappid": "209419592",
      "pengaturan_iklan": "1",
      "fan_inter": "698652697483833_698652734150496",
      "fan_banner_native": "698652697483833_698652737483829",
      "fan_native": "698652697483833_698652740817162",
      "hpk_admob1": "",
      "hpk_admob2": "",
      "hpk_admob3": "",
      "hpk_admob4": "",
      "hpk_admob5": ""
      }
   ]

}