{
  "Iklan":
  [
      {
      "status": "0",
      "link": "https://play.google.com/store/apps/details?id=com.ptn.rizkyfebian",
      "interid": "ca-app-pub-9242128344326667/9942723414",
      "nativeid": "ca-app-pub-9242128344326667/3273373281",
      "startappid": "209419592",
      "pengaturan_iklan": "1",
      "fan_inter": "1306614829702691_1306614866369354",
      "fan_banner_native": "1306614829702691_1306614859702688",
      "fan_native": "1306614829702691_1306614869702687",
      "hpk_admob1": "",
      "hpk_admob2": "",
      "hpk_admob3": "",
      "hpk_admob4": "",
      "hpk_admob5": ""
      }
   ]

}