{
  "Iklan":
  [
      {
      "status": "0",
      "link": "https://play.google.com/store/apps/details?id=com.ptn.rizkyfebian",
      "interid": "ca-app-pub-9242128344326667/1872661700",
      "nativeid": "ca-app-pub-9242128344326667/8246498369",
      "startappid": "209419592",
      "pengaturan_iklan": "1",
      "fan_inter": "418122909298120_418122952631449",
      "fan_banner_native": "418122909298120_418122955964782",
      "fan_native": "418122909298120_418122949298116",
      "hpk_admob1": "",
      "hpk_admob2": "",
      "hpk_admob3": "",
      "hpk_admob4": "",
      "hpk_admob5": ""
      }
   ]

}