{
  "Iklan":
  [
      {
      "status": "0",
      "link": "https://play.google.com/store/apps/details?id=com.ptn.songjoongki",
      "interid": "ca-app-pub-9242128344326667/7177508011",
      "nativeid": "ca-app-pub-9242128344326667/4115681661",
      "startappid": "209419592",
      "pengaturan_iklan": "1",
      "fan_inter": "209097474164417_209097527497745",
      "fan_banner_native": "209097474164417_209097520831079",
      "fan_native": "209097474164417_209097530831078",
      "hpk_admob1": "",
      "hpk_admob2": "",
      "hpk_admob3": "",
      "hpk_admob4": "",
      "hpk_admob5": ""
      }
   ]

}