{
  "Iklan":
  [
      {
      "status": "0",
      "link": "https://play.google.com/store/apps/details?id=com.ptn.songjoongki",
      "interid": "ca-app-pub-9242128344326667/7763476157",
      "nativeid": "ca-app-pub-9242128344326667/2511149472",
      "startappid": "209419592",
      "pengaturan_iklan": "1",
      "fan_inter": "241658427415862_241658474082524",
      "fan_banner_native": "241658427415862_241658470749191",
      "fan_native": "241658427415862_241658464082525",
      "hpk_admob1": "",
      "hpk_admob2": "",
      "hpk_admob3": "",
      "hpk_admob4": "",
      "hpk_admob5": ""
      }
   ]

}