{
  "Iklan":
  [
      {
      "status": "0",
      "link": "https://play.google.com/store/apps/details?id=com.ptn.songjoongki",
      "interid": "ca-app-pub-9242128344326667/7380332773",
      "nativeid": "ca-app-pub-9242128344326667/3768390827",
      "startappid": "209419592",
      "pengaturan_iklan": "4",
      "fan_inter": "3707349249347073_3707349359347062",
      "fan_banner_native": "3707349249347073_3707349352680396",
      "fan_native": "3707349249347073_3707349356013729",
      "keterangan": "DITOLAK FACEBOOK",
      "hpk_admob1": "",
      "hpk_admob2": "",
      "hpk_admob3": "",
      "hpk_admob4": "",
      "hpk_admob5": ""
      }
   ]

}