{
  "Iklan":
  [
      {
      "status": "0",
      "link": "https://play.google.com/store/apps/details?id=com.ptn.songjoongki",
      "interid": "ca-app-pub-9242128344326667/7132920761",
      "nativeid": "ca-app-pub-9242128344326667/8254430742",
      "startappid": "209419592",
      "pengaturan_iklan": "4",
      "fan_inter": "1110707152692270_1110707196025599",
      "fan_banner_native": "1110707152692270_1110707199358932",
      "fan_native": "1110707152692270_1110707202692265",
      "keterangan": "DITOLAK FACEBOOK",
      "hpk_admob1": "",
      "hpk_admob2": "",
      "hpk_admob3": "",
      "hpk_admob4": "",
      "hpk_admob5": ""
      }
   ]

}