{
  "Iklan":
  [
      {
      "status": "0",
      "link": "https://play.google.com/store/apps/details?id=com.ptn.songjoongki",
      "interid": "ca-app-pub-9242128344326667/3932042357",
      "nativeid": "ca-app-pub-9242128344326667/6238447977",
      "startappid": "209419592",
      "pengaturan_iklan": "4",
      "fan_inter": "1912545908921992_1912545958921987",
      "fan_banner_native": "1912545908921992_1912545948921988",
      "fan_native": "1912545908921992_1912545955588654",
      "keterangan": "DITOLAK FACEBOOK",
      "hpk_admob1": "",
      "hpk_admob2": "",
      "hpk_admob3": "",
      "hpk_admob4": "",
      "hpk_admob5": ""
      }
   ]

}