{
  "Iklan":
  [
      {
      "status": "0",
      "link": "https://play.google.com/store/apps/details?id=com.ptn.songjoongki",
      "interid": "ca-app-pub-9242128344326667/8371170185",
      "nativeid": "ca-app-pub-9242128344326667/4431925172",
      "startappid": "209419592",
      "pengaturan_iklan": "4",
      "fan_inter": "3617057645057160_3617057715057153",
      "fan_banner_native": "3617057645057160_3617057708390487",
      "fan_native": "3617057645057160_3617057718390486",
      "keterangan": "DITOLAK FACEBOOK",
      "hpk_admob1": "",
      "hpk_admob2": "",
      "hpk_admob3": "",
      "hpk_admob4": "",
      "hpk_admob5": ""
      }
   ]

}